,id,text,timestamp
0,44022,Power outage im scared ,2006-10-16 16:46:54
1,42881,power outage.  Suck it.,2006-10-13 21:41:32
2,12811,Just finding out the extent of the power outage in St. Louis. ,2006-07-21 23:23:21
3,12221,"476,000 poeple with out power, trees,buildings and power lines knocked down all over the city,
he power outages will present a challenge to utility crews try...",2006-07-20 13:43:52
4,11609,Recovering my network after a power outage. Good times,2006-07-19 00:23:19
5,915003121184600064,"Dear @XcelEnergyCO, thanks for yet another power spike and outage. I love recreating lost work.",2017-10-02 23:58:38
6,915003038351294465,"More rain forecast after Bundaberg hammered with flash flooding, power outages http://www.abc.net.au/news/2017-10-02/bundaberg-hit-with-downpour,-flash-flooding/9007022 … via @ABCNews",2017-10-02 23:58:18
7,915002180247212032,"On Sat., due to a planned power outage, all Va. Supreme Court online services will be unavailable or intermittent between 6 a.m. and 6 p.m.",2017-10-02 23:54:54
8,915001946976673793,"The CRA is currently experiencing a power outage with no ETA on service restoration.

Phone will not work to this... http://fb.me/8NxGgD0fV ",2017-10-02 23:53:58
9,914999831218855937,Nothing brings your neighborhood closer together than a power outage and a hatred of the same landlord,2017-10-02 23:45:34
10,914998915518353408,"Car hit pole. Crews working to get power restored ASAP. #SGF

Report outage  1-888-863-9001

Outage map  http://bit.ly/CU-OutageMap pic.twitter.com/ErF0UdyCOy",2017-10-02 23:41:55
11,914998009083174912,"Sorry for late response -- power outage in S Fl. 
-",2017-10-02 23:38:19
12,914997802283028480,"Snowstorm creates havoc on Colorado mountain roads, power outages in 45,000 high country homes http://yonews.org/snowstorm-creates-havoc-on-colorado-mountain-roads-power-outages-in-45000-high-country-homes/ …",2017-10-02 23:37:30
13,914997717721538560,"Outage leaves 537 La Cañada homes without power, affects traffic along Foothill Boulevard http://trib.in/2kip2Ot ",2017-10-02 23:37:10
14,914997597726810112,UT owes me a refund with all of the issues that came with the power outage,2017-10-02 23:36:41
15,914997444471115778,Twice in a row power outage ruined our league of legends game just when we were about to win.,2017-10-02 23:36:05
16,914997252355182593,Marquei como visto The Flash (2014) - 1x7 - Power Outage http://bit.ly/1xwktKw  #bancodeseries,2017-10-02 23:35:19
17,914997138383192064,"Outage leaves 537 La Cañada homes without power, affects traffic along Foothill Boulevard http://www.latimes.com/socal/la-canada-valley-sun/news/tn-vsl-me-power-outage-20171002-story.html …",2017-10-02 23:34:52
18,914995925033947136,POWER OUTAGE UPDATE - Riversdale http://owl.li/M8C3N ,2017-10-02 23:30:02
19,914995507365318656,"No, Fred Meyer, I didn’t want my meds today.. your power outage was a HUGE convenience this afternoon. ",2017-10-02 23:28:23
20,914995454613626881,Did your computer stop working after the power outage?. Contact us to get yourself up and running. #seatoskygeekpic.twitter.com/J1vHkCnTS7,2017-10-02 23:28:10
21,914995250946592768,"Good morning,
Unfortunately due to power outage, our phone lines and computers are down, we will keep this page... http://fb.me/EqMgzQ4o ",2017-10-02 23:27:22
22,914993742788091904,"Hey Penelec!!!
Could you updated the people of Mifflin County on the power outage!
Went into your website but nothing is posted!",2017-10-02 23:21:22
23,914993364851765248,We're aware of the outage and working to restore power. Details available on our map: https://service.fortisalberta.com/ ,2017-10-02 23:19:52
24,914993125491216384,"Power outage at Big Valley, this also affects Lowden Lake and Stettler as these sites work through Big Valley.",2017-10-02 23:18:55
25,955960469,"finally got a good nap in, there been too many 5hr sleep nights. missed Xman in Oct, fac power outage went okay and walkthru of house okay",2008-10-11 23:44:36
26,955957688,power outage in Roanoke apparently not affecting the westport beach club.,2008-10-11 23:40:47
27,955918648,"NEWS: 
Extreme weather causes power outages in the area
 : 	Close to 1,500 homes in Boise's N.. http://tinyurl.com/4wkspo",2008-10-11 22:50:56
28,955878907,"@DaveTaylor  Another Pacino Netflix DVD, if we can get the TV/DVD working again after last night's power outage.  May have to call techs!",2008-10-11 22:02:05
29,955845990,Dominion still working on power outage: Dominion Virginia Power says it's taking longer than expecte.. http://tinyurl.com/4dtx4j,2008-10-11 21:21:26
30,955807087,Sorely miss Data Fabric Manager while the headquarter is down for a scheduled power outage.,2008-10-11 20:31:55
31,955749628,Prob like 20 more min for my iPhone to be restored. Then I have to run errands before I can attempt to hack it again.... Power Outages FTL,2008-10-11 19:23:45
32,955730417,Weather service is predicting power outages here.  Leaves still on the trees and snow is coming.  The weight will break the trees  & lines.,2008-10-11 19:02:29
33,955639360,Power outage last night was made the best of... Internet won't work now tho,2008-10-11 17:22:24
34,955520095,"Hooray. Power outage. Time to call Pepco, I guess!",2008-10-11 15:17:27
35,955515913,it's been roughly 4 years  since the last power outage around here.  doesn't happen often because its next to a air base,2008-10-11 15:12:58
36,955490625,calling eletric company and finding out we are having a mass power outage...diggin out the generator.,2008-10-11 14:46:34
37,955473326,great...power outage!,2008-10-11 14:25:52
38,955471139,"Power outage inturipted my breakfast, one pancake was half done and my tea was cold when the power came back an hour later",2008-10-11 14:23:06
39,955404679,Sigh. Random power outage. Probably another tree fell on a line. This is getting old.,2008-10-11 12:53:30
40,955338595,Major power outage here,2008-10-11 10:53:40
41,955231945,Power outage@ 1:50AM Memphis Midtown. Will open windows & unplug things so 'on' surge does not fry them.  http://snipurl.com/49i8d,2008-10-11 07:07:56
42,955211240,woah. crazy power outage.  its windy season!,2008-10-11 06:26:39
43,955205782,Yay a power outage on our street.  Damn power grid.  But using wifi from neighbor with power.  So yay for me. :),2008-10-11 06:16:50
44,955105844,"just got back from sitting in the dark with candles surrounding me, home alone. power outages= no fun.",2008-10-11 03:48:08
45,405848253859520513,Power outage at work.. Shift just got 10x better!,2013-11-27 23:58:58
46,405847621400813568,UGGGGHHHHHH my street just got a power outage.... I hate the dark good thing I saved my work on the computer,2013-11-27 23:56:27
47,405847512768315392,Fun power outages while I'm devouring poutine and meat pies...,2013-11-27 23:56:01
48,405846909216391168,"Server down due to power outage - I will be unable to turn the server back on until I get home. Until then,... http://tmblr.co/Z8GRrv-deQHN ",2013-11-27 23:53:38
49,405846517623189504,"I see what you did there god , you gave us a power outage right in time for thanksgiving to make us appreciate everything we have ",2013-11-27 23:52:04
50,405846040458170368,@sam_delaneyy I'm using this power outage as an excuse so my mom will finally let me burn candles in my room #amicoolnow,2013-11-27 23:50:10
51,405845247927664640,"Phone got cut off, had a power outage and it blew my tv out... Can today get any worse!?",2013-11-27 23:47:02
52,405844752450715648,Power outage Brooker http://bit.ly/2RLzv9  #southaustralia #blackout,2013-11-27 23:45:03
53,405844694573539329,"STORM UPDATE: IT IS STARTING TO GET NASTY HERE IN LUNENBURG COUNTY. NO POWER OUTAGES here yet, however about 6000... http://fb.me/10KNmpsOx ",2013-11-27 23:44:50
54,405844524540260352,Not seeing my little preschooler today cuz of the power outage made me really sad...,2013-11-27 23:44:09
55,405843956904501248,High speed winds and power outages.. i love you halifax... i think im tweeting too  muxh hahah 2 people unfolowed me,2013-11-27 23:41:54
56,405843867376709632,"http://marfapublicradio.org/blog/wednesday-update-on-ice-storm-and-blackouts/ … Wednesday update on power outages following weekend ice storm. Plus, an amazing West Texas snow photo from a listener",2013-11-27 23:41:32
57,405843653660143616,Power outages hamper Thanksgiving prep: Nicole Gerberngerber@abc6.com@nicolegerberWARWICK - Many people use the... http://dlvr.it/4PYLwd ,2013-11-27 23:40:41
58,405843249673150465,@MrLeighBrown currently having a power outage...will look later.,2013-11-27 23:39:05
59,405843243343949824,@karaphillipss @Issabellaamarie nxt power outage were doing it,2013-11-27 23:39:04
60,405842664513212416,Wow #Roc made the national news...of course it was about our power outages,2013-11-27 23:36:46
61,405841658123530240,This power outage is really pissing me off,2013-11-27 23:32:46
62,405841449272741888,"UPDATE: Power is still out for almost 1,000 customers in Antigonish Co. - the outage happened around 3:50 PM.

NS... http://fb.me/Qabidn3E ",2013-11-27 23:31:56
63,405841124486430720,Taking advantage of this power outage by making smores.,2013-11-27 23:30:38
64,405841046912782338,"Services have been restored after fire, power outage at Swedish/Edmonds last week: http://bit.ly/Ikpy6a ",2013-11-27 23:30:20
65,321049511361400832,Power outage reported in Sarpy County - Omaha World-Herald: Power outage reported in Sarpy CountyOmaha World-H... http://bit.ly/16Gs0cz ,2013-04-07 23:59:02
66,321048959932067843,New York City Subway Trains Running Again After Power Outage http://epochtim.es/e3g  #NYNews #IvanPentchoukovSubway #KevinOrtiz #NYC #NYC,2013-04-07 23:56:51
67,321048311593324544,@Karolvt253 What exactly happened sia? B amd Starbucks also power outage... :. -,2013-04-07 23:54:16
68,321048089110654976,POWER OUTAGES DELAY,2013-04-07 23:53:23
69,321047794972499968,@sbaileywx did they say why was a power outage just asking that all my power came back on at 5:00pm today,2013-04-07 23:52:13
70,321047482865971201,"Power outage at cici's............ Lol oh well, still eatin",2013-04-07 23:50:59
71,321046710900125697,Power outage reported in Sarpy County - Omaha World-Herald http://bit.ly/12x9Blv ,2013-04-07 23:47:55
72,321046424882139136,yeah crossing rt 146 with a light power outage wasn't scary at all,2013-04-07 23:46:47
73,321046245386907650,RT @LandOfBiBi Crack up if Cali has a power outage xD,2013-04-07 23:46:04
74,321046244254433281,"RT @aline_souza04 My school just experienced a minute power outage. If only it had lasted longer or the whole day, I could've gone home :(",2013-04-07 23:46:04
75,321046241976926208,RT @Nerdy_Directive No show this week due to a power outage. We return next week!,2013-04-07 23:46:03
76,321046000884129794,Power outage St Morris http://bit.ly/2RLzv9  #southaustralia #blackout,2013-04-07 23:45:06
77,321045983293210624,Sarpy power outage reported. Stay with http://Omaha.com  for details as they develop - http://www.omaha.com/article/20130407/NEWS/130409651/ …,2013-04-07 23:45:01
78,321045843639676928,5 ways to keep your #phone charged in a power #outage - http://CNN.com  http://bit.ly/XPqUJX ,2013-04-07 23:44:28
79,321045755144069120,Windy weather causes damage power outages http://tf.to/aWyVU ,2013-04-07 23:44:07
80,321045542505431040,@IzzyLatti an hour and 19 minutes later *power outage*,2013-04-07 23:43:16
81,321045129014157313,WHOA  WHOA WHOA. Is this power outage a Fast 6 tie in?? IS THE ROCK ABOUT TO FLY A HELICOPTER THROUGH A TANK?!!,2013-04-07 23:41:38
82,321044403013705728,Crack up if Cali has a power outage xD,2013-04-07 23:38:45
83,321042838286639105,No show this week due to a power outage. We return next week!,2013-04-07 23:32:31
84,321042741192699905,"Global blogs due by midnight? Here, have a power outage! #FuckNYSEG",2013-04-07 23:32:08
85,129668262,sitting in the dark again... 2nd straight day with a power outage,2007-07-01 21:23:59
86,129596202,http://www.fixya.com FO 2850 - Power Outage Aftermath: After a power outage from a stor.. http://tinyurl.com/2hc2lk,2007-07-01 20:08:16
87,128538322,power flicker. crossing my fingers for no more outages.,2007-07-01 02:12:55
88,127938072,power outage fried local coffee bean free coffee and samples nice,2007-06-30 15:31:35
89,127359942,"To much light pollution in where I am, but I can hope for a power outage.",2007-06-30 04:43:29
90,127316262,Power outage...how will I charge my iPhone?!,2007-06-30 04:12:31
91,126821022,There's a power outage at the whole strip mall we're at including the att store. With t-40 mins,2007-06-29 21:22:18
92,126509382,"my week for annoying tech problems, a power outage (I think) shutdown my desktop last night",2007-06-29 17:09:32
93,126062562,@cc_chapman  Whoa... we had a horrible storm and power outage overnite/this morning down here in Miami also!,2007-06-29 11:33:56
94,125983992,Up early to make up for time lost last night in power outage. Got lots to do before noon!,2007-06-29 10:19:45
95,125225492,http://www.fixya.com power outage last night. Deleted all saved voicemail messages. whe.. http://tinyurl.com/2goeyh,2007-06-28 21:37:26
96,124918282,"Emailing Karen about quotation marks (inappropriately used), power outages, old radio shows and cats.",2007-06-28 17:19:30
97,124762542,power outage at the office: NO PROBLEM! git ftw,2007-06-28 15:28:50
98,124475162,luckily iPod alarm clock not affected  by power outage of last night.  off to work,2007-06-28 11:57:26
99,123971812,"Thunder & lightening, power outages, flooding rains...what next, locusts? (No, no, don't listen to me!)",2007-06-28 02:25:47
100,123933942,Hoping there isn't a power outage from the thunderstorm,2007-06-28 01:53:08
101,123919392,Big Thunderstorms...  TTT just lost Paul Allison -- Power outage?,2007-06-28 01:40:40
102,123762122,Lung function test cancelled due to power outage - not that I could have it done with this cold anyway.,2007-06-27 23:21:46
103,123735922,"figuring out who needs to know about new cell #, late day email cleanup after power and wifi outage at pineapple, now I'm watching espn",2007-06-27 22:59:15
104,123685122,on the xtown bus...had 2 go uptown on the wessside as power outages stopped 4/5 service to the UES(my physical home)&bronx(home of my hiphop,2007-06-27 22:12:57
105,24520308644,Fucking power outages,2010-09-14 23:51:40
106,24519992546,Power outage tripped all the surge protecters in the apt. Had to reset them all!,2010-09-14 23:47:17
107,24519442343,My thoughts exactly d-i-s-g-u-s-t-i-n-g! RT @D_reigns: Wtf? Another power outage???? Uggghhhhhh,2010-09-14 23:39:39
108,24518606261,Wtf? Another power outage???? Uggghhhhhh,2010-09-14 23:28:04
109,24518571761,Heyyyy!!! hoooooo!!! Can i get a power outage!?!?,2010-09-14 23:27:35
110,24517741058,Power outages of a second are the worst! Damn rain.,2010-09-14 23:16:09
111,24517170089,@BHutchinson is there a power outage in your area? - Brantley,2010-09-14 23:08:24
112,24517165802,"@doobican & also @jamesinSELA First, Power outage--thank goodness for batteries & wireless. 2nd Money rules politics & ends democracy",2010-09-14 23:08:21
113,24516789923,Looks like power outage in Haverhill was more like 15 min. and not an hour. http://bit.ly/dqRV9m #primaryelection.,2010-09-14 23:03:14
114,24516523391,Area schools battle power outage problems http://bit.ly/cQUAmw via http://outside.in/77396,2010-09-14 22:59:43
115,24516320208,"Power Outage Closes Bishop Hartley H.S., Livingston Avenue http://bit.ly/bnW0CQ via http://outside.in/43227",2010-09-14 22:56:51
116,24516319181,"Bishop Hartley, East Side Streets Closed For Downed Wires, Power Outage http://bit.ly/8XNRK1 via http://outside.in/43227",2010-09-14 22:56:50
117,24516307812,"Bishop Hartley, East Side Streets Closed For Downed Wires, Power Outage http://bit.ly/bODpj2 via http://outside.in/43017",2010-09-14 22:56:40
118,24516307638,"Bishop Hartley, East Side Streets Closed For Downed Wires, Power Outage http://bit.ly/cslnbh via http://outside.in/43016",2010-09-14 22:56:40
119,24516137912,didnt have school today because of the power outage at the school,2010-09-14 22:54:17
120,24516101955,Power outage affected large area of Loveland - http://bit.ly/a4Uqcl #Loveland #Colorado,2010-09-14 22:53:47
121,24515996881,63 Vote(s): Substation explosion causes power outage: A power outage in the Porters Lake area Tuesday is bei... http://tinyurl.com/2c7m4vx,2010-09-14 22:52:19
122,24515580984,http://www.nigeriamusicmovement.com/index.php/africa-energy-nigeria-electricity-power-outage-hits-yenagoa Power Outage Hits Yenagoa,2010-09-14 22:46:20
123,24515290063,Ravenous squirrel blamed for power outage! http://bit.ly/9uPLx6 #JustSayin,2010-09-14 22:42:08
124,24514880469,It's official: I'm missing my favorite show's( #onetreehill ) season premiere due to a stupid power outage i have #noluck,2010-09-14 22:36:11
125,8089962832,"Freezing rain and fog cause power outages:  Hindered further by the storm that began Friday, days of
freezing fog ... http://bit.ly/6a0Dyg",2010-01-22 23:59:26
126,8089927272,Yesterday a power outage in my bldg and today a fire alarm is going off. Lovely.,2010-01-22 23:58:19
127,8089732368,Omgosh power outage and amazing thunder i luv it!,2010-01-22 23:52:16
128,8089694584,Northwestern Energy Warns Customers to be Prepared for Power Outages This Weekend http://bit.ly/8Ij61Z,2010-01-22 23:51:06
129,8089694083,"@6: The power outage numbers go up as the wind picks up, we show you the hardest hit area & more rain in the forecast Brad has the details",2010-01-22 23:51:05
130,8089634041,"Trying to get infrastructure back up after the epic power outage the other night, listening to telegraph road because it rules.",2010-01-22 23:49:16
131,8089599743,its funny hw a person can be so sexxy to u but when u see their face in the light  it makes me wana call TXU u need a power outage GBR~,2010-01-22 23:48:11
132,8089477222,Stinking power outage!,2010-01-22 23:44:18
133,8089365552,Power outages persist in Mahaska County - http://bit.ly/8WoP9q #Oskaloosa #Iowa,2010-01-22 23:40:42
134,8089280494,It's true! The whole Augie campus experienced a power outage. RT @KSFYActionNews: Power outages being reported thru-out Sioux Falls.,2010-01-22 23:37:59
135,8089025545,"5:30 p.m.: 1,600 customers out of power. Scattered outages but majority in southern Lake county.  Reports of wire down and some broken poles",2010-01-22 23:30:01
136,8088874521,RT @NotifyNYC Con Edison is responding to a power outage in the Sea Gate section of BK. To report a loss of electr http://tl.gd/4r5dq,2010-01-22 23:25:15
137,8088850571,"Con Edison is responding to a power outage in the Sea Gate section of BK. To report a loss of electric service,contact Con Ed 1-800-75-CONED",2010-01-22 23:24:32
138,8088824602,"Power back on in Sioux Falls. Outage affected 20,000 customers. http://tinyurl.com/y8pwlep #sdweather",2010-01-22 23:23:45
139,8088796980,"Power outage, UPS success! It always surprises and pleases me when technology works the way it should.",2010-01-22 23:22:53
140,8088751500,"Just had a 5 minute power outage in Middlesboro.  Apparently the wind blew nothing into the lines, the wind just... http://bit.ly/7u1o0J",2010-01-22 23:21:31
141,8088709465,Update: 700 power outages on the DWP system. Our crews won't stop until the last job is done.,2010-01-22 23:20:13
142,8088640674,Got to get out and ride at Silver Creek today due to the power outage on the top. Great conditions out there.,2010-01-22 23:18:05
143,8088602121,i seriously hope the power outages don't extend out here!,2010-01-22 23:16:52
144,8088579025,"TX News Power outage gives Whitewright students unexpected day off: WHITEWRIGHT, TX - High school students in Whit... http://bit.ly/6fWLhZ",2010-01-22 23:16:07
145,736907472,power outages here. nice rain showers.,2008-02-20 23:40:04
146,736523542,WBA Petaluma Outage. At 6:45am we lost  power at our Petaluma tower site; we moved a gas generator into place  and ran on generated power...,2008-02-20 21:23:10
147,736521562,"Apparently Upper Cuba St is on fire, resulting in closed streets, power outages and therefore downed trolley buses. Travel accordingly!",2008-02-20 21:22:21
148,734878402,"Test at noon. Lots of snow on the ground. Why, life? Why? Was the power outage last time not enough?",2008-02-20 13:24:42
149,734845212,Power Outages suck. Especially when you are late because they knock out your clock,2008-02-20 13:13:14
150,733662862,@SheilaS The power outages here have mysteriously stopped. From being 'unavoidable' to 'not happening'. Seems DEEPLY suspect.,2008-02-20 05:34:48
151,733625512,"Wyncakes, I hate your power outage SO HARD.",2008-02-20 05:19:28
152,733273922,http://www.fixya.com will not turn on: we had a power outage the otherday when the powe.. http://tinyurl.com/3dee96,2008-02-20 03:13:23
153,732352332,"Power outages, fie!!!",2008-02-19 22:12:30
154,732009872,"The outage affected the entire GGP area. Fortunately, some power is back up, and traffic is moving again.",2008-02-19 20:24:08
155,731577892,Back from a short power outage.  Always fun.,2008-02-19 18:09:51
156,730254402,It is funny to see how people in an office environment reacts during a power or Internet outage. I usually pretend that I'm still online.,2008-02-19 11:58:34
157,729973942,there was a power outage earlier. so sir history shared eerie stories in the dim classroom. we were unexpectedly spooked!,2008-02-19 10:16:15
158,729934692,"Power cut at hospital: THERE has been a serious power outage at Noble's Hospital, Braddan, this morning (Tues.. http://tinyurl.com/2j4j4b",2008-02-19 10:01:35
159,728858252,"argh, because of the power outage, I had to lock the garage and now I can't get it unlocked!  So, car in driveway",2008-02-19 03:09:03
160,728372352,We're back after a 2 hour power outage; did you miss us?,2008-02-19 00:23:20
161,728320872,Lebanon looking for solution to electric power outages : Beirut / Amman - Acting Minister of Energy and .. http://tinyurl.com/33g6t2,2008-02-19 00:04:21
162,728200322,Power outages suck. Power outages in the middle of a game REALLY SUCK!,2008-02-18 23:21:54
163,727818892,GTCC Jamestown Campus Closed Due to Power Outage http://tinyurl.com/2nfc8v,2008-02-18 21:13:17
164,726713832,"Nothing like waking up to a chorus of brightly chirping UPSes. Ah, power outages in the morning.",2008-02-18 15:40:23
165,2010167065,"@Shayded No, the weather here is clear and calm.  But we've had power outages around Gadsden all day.",2009-06-02 23:55:35
166,2010145220,"Wiebe on pace to break the million mark, according to Walter Day, even after a power outage in an earlier game.  Watch live on G4... now!",2009-06-02 23:53:18
167,2010054301,Just found out the Arrested Development movie is *not* filming.  Cruel hoax.  Almost as bad as the #Wiebe power outage.,2009-06-02 23:43:52
168,2010047166,I just made it home and my lights are out...better be a power outage cause i know good and daggun well i paid my bill...i think.. lol,2009-06-02 23:43:07
169,2010027358,Columbia accident causes power outage http://tinyurl.com/r5pe9s,2009-06-02 23:41:05
170,2009979977,"Sop much for working today while Ella slept, power outage until after 5pm maybe 6pm!!!",2009-06-02 23:36:11
171,2009977133,James Cameron sued over power outage - http://tinyurl.com/pgslg2,2009-06-02 23:35:54
172,2009937907,Why are we still dealing with these power outages in St. Louis? Didn't Ameren say they were gonna get their shit together a couple yrs ago?,2009-06-02 23:31:56
173,2009881007,"HECO dispatched crews to work on power outages reported in areas of Downtown Honolulu, Ala Moana, Kakaako.",2009-06-02 23:26:12
174,2009874500,Oh I love storms I just hate power outages...I wish it would rain 24/7 365 :) @mommyoftey,2009-06-02 23:25:32
175,2009827961,schools out due to power outage. ragin at maitais for awhile lol chee.,2009-06-02 23:20:50
176,2009799899,"Travel dilemma: Power outage @ hotel makes me re-think desire for high-up room w/view. Is noisier, low-floor always a safer bet? #travel",2009-06-02 23:17:59
177,2009758801,Power Restored For 1100 Carroll Electric Customers - Local News ...: Lawn Mower Accident Caused Outage Tuesday A.. http://tinyurl.com/qadwqy,2009-06-02 23:13:53
178,2009744462,Power outage,2009-06-02 23:12:26
179,2009731742,I KNOW #wiebe can do this depsite the power outage. GO STEVE! Kick USA's (Mitchells) ASS! LOL,2009-06-02 23:11:11
180,2009681802,And we just had our first power outage of the night,2009-06-02 23:06:01
181,2009624975,wow huge power outage on keeaumoku,2009-06-02 23:00:25
182,2009609030,Storms   power outages = a mess to drive home in. Opps include bad drivers in that mix.,2009-06-02 22:58:57
183,2009556576,just had a power outage at work. lights flashing like a rave. now an entire section has no power.,2009-06-02 22:53:36
184,2009477041,Wiebe was half way thru another Donkey Kong run and there was a power outage on his machine >.<,2009-06-02 22:45:38
185,745405810054832128,Power outage at work WOOOO,2016-06-21 23:59:28
186,745405361025220613,#LADOTupdate: Power outage on Beverly Glen between Mulholland and Saint Pierre. Please take alternative route!,2016-06-21 23:57:41
187,745405093118361600,"4,470 #Pepco #power #outages 6/21/16 mostly in MoCo. pic.twitter.com/WRdXYoXOnX",2016-06-21 23:56:37
188,745405053788266496,#yeg #power #epcor power outage Lewis estates,2016-06-21 23:56:28
189,745405020007366656,Power outage at work. Break until 11. Aye. ,2016-06-21 23:56:20
190,745404513402527744,Random ass power outage,2016-06-21 23:54:19
191,745404443986788352,Power outage in Mountain View? This basically never happens. And right at end of work day too. Sigh. No stardew valley :c,2016-06-21 23:54:03
192,745404299602235392,Must be all these power outages got us about busy as hell for a Tuesday,2016-06-21 23:53:28
193,745404175392063488,thanks to these garbage power outages I'm pretty sure I just lost like a good two weeks worth of effort trying to finish this picture,2016-06-21 23:52:59
194,745403282059780097,"Summer's here & ya know what that means! OVERHEATING LAPTOPS & POWER OUTAGES CUZ IT'S SO FUCKIN' HOT. Obliterate that save button, artists!",2016-06-21 23:49:26
195,745403072516661249,"Two days on the trot now, US and foreign media reporting extensively, UK broadcast media....power outage in tunnel!! https://twitter.com/frankobserver/status/745300956724727808 …",2016-06-21 23:48:36
196,745402972448788481,"hi raymond,r u still experiencing power outage right now? if so,pls dnt hesitate to let us know. apologies fr d nconvnience.",2016-06-21 23:48:12
197,745402958955843584,Snakes cause power outages in SC for 3rd time in a month | WNCN http://buff.ly/28RAlor ,2016-06-21 23:48:08
198,745402748733112320,Current Power Outage in SVL... http://conta.cc/28TNQ72 pic.twitter.com/5oIGiXnH0q,2016-06-21 23:47:18
199,745402463369367553,Nut ass power outage ,2016-06-21 23:46:10
200,745402214982647813,When theres a power outage at comcast so your wifi has been down for 5 yrs ,2016-06-21 23:45:11
201,745400869215100928,"Due to the power outage, we have Closed Early. Apologies for an inconvenience. See you tomorrow! http://fb.me/2MoO3Ij7f ",2016-06-21 23:39:50
202,745400345493405696,Power outage in #Wallaceburg @Entegrus - We'll provide more details when they become available.pic.twitter.com/4Rt1PDS9Vd,2016-06-21 23:37:45
203,745400171920515072,Dinner is served. No power outage here. Knock on wood! http://fb.me/F9sPcqOI ,2016-06-21 23:37:04
204,745399781703487488,Times have become desperate as I have actually picked up one of the books I said I was doing to read 2 months ago. Damn you power outage.,2016-06-21 23:35:31
205,575807904944635904,GPW/DPS: Power outage Vernier north to Hollywood and east from Mack to Wedgwood.  DTE has been notified.  No ETA... http://fb.me/4eyOSkhhG ,2015-03-11 23:57:57
206,575807363594084353,Power outage at #dmtalk,2015-03-11 23:55:48
207,575807137336705025,"N|N TRENT REZNOR U A￦AJ CME""@News12NJ:Wintry mix causes power outages, icy conditions in #NewJersey-bit.ly/1BFyig4 pic.twitter.com/lC7OjoEKft""",2015-03-11 23:54:54
208,575806769047420929,"N|N TRENT REZNOR ""@News12NJ: Wintry mix causes power outages, icy conditions in #NewJersey - http://bit.ly/1BFyig4  pic.twitter.com/lC7OjoEKft""",2015-03-11 23:53:26
209,575805510684905473,"""We are aware that the power is out, but @AEPOhio can't seem to figure out the issue, so you will have an extended outage."" Awesome....",2015-03-11 23:48:26
210,575804388226240512,"@AskPlayStation all my games are needing to be reinstalled, because of a sudden power outage. Can i get my saved data back somehow?",2015-03-11 23:43:58
211,575804286455541760,"We had a lengthy power outage due to a storm. This time it wasn't my fault. Take that, haters.",2015-03-11 23:43:34
212,575804286032044033,"@skyhd hi, we had a power outage earlier today, we have power back but our Sky box isn't getting a satellite signal! Help please!",2015-03-11 23:43:34
213,575802641260941313,Power outage...goddammit,2015-03-11 23:37:02
214,575802062279061505,National Grid reporting power outage in Upton http://wp.me/p3fliv-5su ,2015-03-11 23:34:44
215,575801558249660419,"Also, fucking yay for power outages when i hAVE FUCKING HOMEWORK TO DO",2015-03-11 23:32:44
216,575800672836190208,How the Most At-Risk Cities Are Preparing for More Power Outages http://www.governing.com/topics/transportation-infrastructure/gov-power-outages-cities-plans.html … #infrastructure #poweroutage #EmergencyManagement,2015-03-11 23:29:12
217,575800609170915329,@AdamDreece haha my friend & I were going to take her kids to McD's earlier today but then a massive power outage happened haha,2015-03-11 23:28:57
218,575800441558155265,@PSEGdelivers power outage 07028,2015-03-11 23:28:17
219,575799742678040578,@Hodge_Bass @CityPowerJhb @CityofJoburgZA Please advise if the power supply to Northriding is restored an reason for the outage.,2015-03-11 23:25:31
220,575799517108285441,"Even power outage doesn't stop us from having fun "" romantic Zumba""with candles. http://fb.me/78Ii9ZxWo ",2015-03-11 23:24:37
221,575799143257395200,@DatGuyLirik you probably faked a power outage to go enjoy life outside or something.  You've changed bro,2015-03-11 23:23:08
222,575798920955215872,Update: survived the campus wide power outage,2015-03-11 23:22:15
223,575798795646058497,Found source of power outage! pic.twitter.com/QE50FeUmms,2015-03-11 23:21:45
224,575798790038425600,@Pokeguy493 we are probably looking at northwest wind gusts between 30 and 40 mph.  Not enough to cause power outages or property damage.,2015-03-11 23:21:44
225,151452151665795073,Ummm. Power outage? Crap.,2011-12-26 23:59:41
226,151448226967470080,"""it's black and quiet except for the sound from angry birds in the iPad""-- modern day power outage",2011-12-26 23:44:05
227,151446801063477248,Yesterdays power outage that left my block in the dark until 9pm was fun until I found a wire hanger in by my back door...,2011-12-26 23:38:25
228,151446369285046272,Due to a PSNH power outage the Main Library will not open until 2:30 pm on December 27th. We apologize for the inconvenience.,2011-12-26 23:36:42
229,151443837779316736,"There are still pockets of power outages in #AbbotsfordBC, #LangleyBC, and #MissionBC with gusting winds expected through the night.",2011-12-26 23:26:39
230,151443744367968256,@wanderwoman10 Power outage in #YVR canceled our Christmas dinner last night. Glad you're making the most of the #HolidayCrisis,2011-12-26 23:26:17
231,151443712482881538,"There are still pockets of power outages in #AbbotsfordBC, #LangleyBC, and #MissionBC with gusting winds expected through the night.",2011-12-26 23:26:09
232,151443485944328192,Power outage?  What to do with all those refrigeration items.  Handy tips! http://bit.ly/q4y6GH ,2011-12-26 23:25:15
233,151441977248985088,Looks like most wind caused power outages will be back soon but is this just the beginning of a windy winter? Tonight at six  @GlobalBC,2011-12-26 23:19:15
234,151441678685847554,Power outages on rise in Karachi http://dlvr.it/12Gszd ,2011-12-26 23:18:04
235,151441604522164224,Planned Power Outage in Corinth Area Thursday:- http://is.gd/BGwaEk ,2011-12-26 23:17:46
236,151440075077591040,"@wanderwoman10 there's a power outage?  Still good near SCL....it is ""hamlet"" wide?",2011-12-26 23:11:42
237,151439279950798848,"ATTENTION LISTENERS:
WBWC will be off-air on WEDNESDAY, DECEMBER 28th from 6AM-7PM, due to a planned power outage... http://fb.me/JmOausRL ",2011-12-26 23:08:32
238,151438950232375296,"ATTENTION LISTENERS:
WBWC will be off-air on WEDNESDAY, DECEMBER 28th from 6AM , due to a planned power outage on... http://fb.me/1coVuiPvM ",2011-12-26 23:07:13
239,151438806292234240,Power outage in #ShPk is forcing us to drink all the beer in our beer fridge before it reaches dangerously warm temps #HolidayCrisis #haha,2011-12-26 23:06:39
240,151438217416155136,"Good news everyone, due  to power outage around the airport airport line has altered route may get to work early !! pic.twitter.com/4KxB3zbv",2011-12-26 23:04:19
241,151435150813700096,#sherwoodparkpower what's up withe the power outage?,2011-12-26 22:52:08
242,151432735251116034,Yay power outage!,2011-12-26 22:42:32
243,151432652308750336,"Wow for how long? RT @skj_15: Power outage at the Fridley Super Target! One team member: ""Maybe I'll get to go home!"" #shoppinginthedark",2011-12-26 22:42:12
244,151430769938661377,Another flipping power outage grrrr #EH3 #interupptingcrucialtvwatching,2011-12-26 22:34:43
245,660606620506935296,*WIDESPREAD POWER OUTAGE* http://fb.me/3TKiV5RXB ,2015-10-31 23:57:46
246,660606126698815488,It's Halloween and there is a power outage...yeah I'm taking my ass to bed. I'm not going to be apart of anyone's scary movie! Goodnight PA!,2015-10-31 23:55:48
247,660605771969863680,"@brooksbaseball Can you fake a power outage, then get him interested in something else, then take over the TV when you restore power?",2015-10-31 23:54:24
248,660605616231047168,Sucky start to day -drive to city pumped for my ballet class at @sydneydanceco n find out morning classes cancelled cos of power outage #boo,2015-10-31 23:53:47
249,660605498115403776,PA | ALLENTOWN | CAR INTO A PPL SUBSTATION | AREA WIDE POWER OUTAGE pic.twitter.com/e8p0LAlKer,2015-10-31 23:53:18
250,660605239129743360,Slight power outage here at Bearcat Stadium. One light standard lost about half their lights. Hazy on northern end of field now. @FOX8FNTD,2015-10-31 23:52:17
251,660604518162370560,$3.7 bil power outage causer https://twitter.com/jmsummers/status/660600538497753089 …,2015-10-31 23:49:25
252,660603486896173060,@sam3589 wait you also got a power outage?!?,2015-10-31 23:45:19
253,660603291412267008,"Halloween trick: Rain, wind, flood warnings, power outages - The Seattle Times http://dlvr.it/CcQMPn ",2015-10-31 23:44:32
254,660603181076877312,"Outage in parts of Varsity, Montgomery: Power Restored. http://enmax.com/outages  #YYC",2015-10-31 23:44:06
255,660602414932840448,I always love when there is  17 hour power outage ,2015-10-31 23:41:03
256,660602350856445952,The whole eastside on a power outage????,2015-10-31 23:40:48
257,660601185833914368,"Halloween trick: Rain, wind, flood warnings, power outages: The wind is blowing down a few trees, and there ar... http://bit.ly/1N2PBsN ",2015-10-31 23:36:10
258,660600020341755904,@stevierayrob Leafs and Phaneauf VS Penquins and Kessel.....cheering for a power outage. #conundrum #GoJaysGo,2015-10-31 23:31:32
259,660599277136183296,"Entergy, Cleco crews work to restore power to customers across Louisiana: Widespread power outages have been… http://dlvr.it/CcQCZX ",2015-10-31 23:28:35
260,660594182805786624,"#NewsFeatures Surulere residents lament power outage: Aggrieved residents of Banire-Oludipe Streets in Surulere,… http://dlvr.it/CcPz14 ",2015-10-31 23:08:21
261,660593823714643968,"Just had a power blink, then outage.  Will see if it stays on this time. Today can go to hell, pretty much.",2015-10-31 23:06:55
262,660593644781441024,Surulere residents lament power outage http://dlvr.it/CcQ00C  http://fb.me/2rBaRZMBl ,2015-10-31 23:06:12
263,660593610446913536,Surulere residents lament power outage http://dlvr.it/CcQ00C ,2015-10-31 23:06:04
264,660593505127956480,Surulere residents lament power outage http://dlvr.it/CcPpkT ,2015-10-31 23:05:39
265,490646719378771968,Large portion of Metro Manila experiences power outage http://tinyurl.com/ofrwr3a ,2014-07-19 23:57:48
266,490646551379709952,"Wastewater Spill in Bryan Blamed on Power Outage -  Posted by Bill Oliver Featured Stories, News... http://j.mp/1rnUXZU 
#BurtonCreek",2014-07-19 23:57:08
267,490646234785665024,"Partial power outage at work, this sucks!!!",2014-07-19 23:55:52
268,490646117575446529,Just about to leave the club is closed tonight power outage sleep time,2014-07-19 23:55:24
269,490644852627865600,Walmart power outage XD pic.twitter.com/Rd2hIBO53K,2014-07-19 23:50:23
270,490644379678167040,Hahaha power outage at fashion square,2014-07-19 23:48:30
271,490644333159129088,RT @FreshBrothers: #BeverlyHills customers - plz call our #WeHo store for service due 2 power outage ... http://tmi.me/1ezDkF ,2014-07-19 23:48:19
272,490644231292063744,"SATURDAY UPDATE: Evacuations continue, PUD looking at extended power outage

By Marcy Stamper, transcribed by... http://fb.me/700LPF38O ",2014-07-19 23:47:55
273,490643630559088640,#BeverlyHills customers - plz call our #WeHo store for service due 2 power outage 310-652-5252.  Our staff has been moved there to serve u.,2014-07-19 23:45:31
274,490643214169174016,"Beverly Hills customers - due to the power outage on Beverly Drive, please call our West Hollywood store at... http://fb.me/39JPrWmd7 ",2014-07-19 23:43:52
275,490641183421386752,Power outage at the mall  #thisisscary,2014-07-19 23:35:48
276,490639753356668928,"If there's a power outage on the West Side, it's cuz #Tuneyards used it all. #p4k http://instagram.com/p/qpq_fnhLaC/ ",2014-07-19 23:30:07
277,490639629414985728,So there's a power outage in my building since 1am and no one has reported. Its gonna… (at Solaris Dutamas B1) — https://path.com/p/46Jpq4 ,2014-07-19 23:29:37
278,490639460271284224,So I just got a call from mall security saying that there is a power outage. WTF I'm off and live in Soledad why do I care? Lol,2014-07-19 23:28:57
279,490636728802492416,Power outage Somerton Park http://bit.ly/2RLzv9  #southaustralia #blackout,2014-07-19 23:18:06
280,490636726868930560,Power outage Seaton http://bit.ly/2RLzv9  #southaustralia #blackout,2014-07-19 23:18:05
281,490636615174197249,I've been coughing nonstop that I fell asleep 2hrs during the power outage.. I wake up and sister says: they burned Shujaeyya! #Gaza,2014-07-19 23:17:39
282,490636170129178624,@fanboyz92 @PrepperHosting my suggestion is start with 48 hours of food storage for a power outage situation. Several early posts cover it.,2014-07-19 23:15:53
283,490635171083743232,(EN/FR)  Saturday Fun and hopefully no more power outages w/ AutoDJ: http://www.twitch.tv/therealprincess#3986 …,2014-07-19 23:11:55
284,490633150843088897,"There are partial power outages at our Saanich Centennial branch, affecting phones and half our public computers. Hope for resolution soon!",2014-07-19 23:03:53
285,1084962194993922051,I would have welcomed you and you son as well. My elderly black neighbor (I’m Hispanic) refused to leave her house during a winter power outage. Her house was cold. I ran an extension cord and bought her a heater that I hooked up to my generator. Her color didn’t matter one bit.,2019-01-14 23:55:19
286,1084961451855527936,"With power outages still..I feel NO SCHOOL in my spirit...

le’sigh",2019-01-14 23:52:22
287,1084959518306504705,Such a lovely Winters’s Eve. Grateful to have power.  Many in the area have had outages for days pic.twitter.com/32fg4NCYR2,2019-01-14 23:44:41
288,1084959268892102656,Power Outage: 10:15AM: (79 premises) - Pakenham (79) Restoration: 04:30PM 15/01 See https://www.outagetracker.com.au  #vicPower,2019-01-14 23:43:41
289,1084959267629625345,"Power Outage: 06:03: (60 premises) - Ford Close, Mildura - Restoration: 15:00 15-01-2019 Cause: Under investigation See https://www.powercor.com.au/power-outages  #vicPower",2019-01-14 23:43:41
290,1084958732407123968,I feel like living through the power outage last night really humbled me ,2019-01-14 23:41:34
291,1084958711750250496,"Many were affected by the power outage, including Vine Maple Place. Let's help restock their freezers to continue helping those families in need. We thank you for your generosity and support in advance. https://www.facebook.com/JohnsonsHomeandGarden/posts/10157250688232708 …",2019-01-14 23:41:29
292,1084958606108315649,Power outages reported after a transformer blew in the area of Spruce Street and Howard Drive. #LNNpic.twitter.com/Ihd7qWHARF,2019-01-14 23:41:03
293,1084958380584767489,"Update 4:39p: Power is restored to those affected by the outage in Laramie, WY at 4:33p. If your power is still out, please reset your main breaker. If you are still experiencing an outage please call us at 1-877-508-5088 it can also be reported at http://rockymountainpower.net/wy-map ",2019-01-14 23:40:10
294,1084957773409017856,I have been looking at the outage map since Saturday and we still don't have power. It never changes for all the people in Peculiar MO.,2019-01-14 23:37:45
295,1084957327294451713,"@LSR7 people in Lee’s Summit are still experiencing power outages. Many neighborhood streets are still iced over. Although the main roads to the high schools have been cleared, there are still many neighborhoods that haven’t been cleared. Let’s make the safe decision tonight.",2019-01-14 23:35:59
296,1084957186806112256,Were you ever at school when a power outage or snow storm occurred and you got sent home early? That was almost as good.,2019-01-14 23:35:25
297,1084957146301808640,"Following power outages in our community, we used recent & relevant data to create graphs during #math @SMSD_Corinthpic.twitter.com/cKPAzDl8zR",2019-01-14 23:35:15
298,1084957117046575104,"Power outages can happen anywhere, and to anyone, which is why it is so important to be prepared. For more information on how to prepare go to http://ow.ly/XANw30nhv8k  #ReadyNHpic.twitter.com/uRyC82cgLh",2019-01-14 23:35:08
299,1084957081172508672,Downstate is facing a political power outage. http://www.chicagomag.com/city-life/January-2019/How-Downstate-Illinois-Lost-Its-Political-Power/ …,2019-01-14 23:35:00
300,1084955478600400897,"POWER OUTAGE: A circuit breaker has burned out, according to the Tupelo Water and Light director. Power is expected to be restored in about an hour. | https://www.wtva.com/content/news/Power-outages-reported-in-Tupelo--504341171.html …pic.twitter.com/h3hCtEScoV",2019-01-14 23:28:38
301,1084955170440654849,"Sorry Eugene, a power outage in center city stations. ^NV",2019-01-14 23:27:24
302,1084954580222234624,Some of you people have never paid to see Savio Vega Vs Steve Austin and had a power outage take the PPV off air and it shows,2019-01-14 23:25:04
303,1084954565114560513,@KCPLConnect I’ve been watching your Twitter & Outage Map all day. I can’t imagine the job you all have...I’m lucky I have a generator but many in my Indian Heights neighborhood do not. Any ballpark guesses on a day we’ll have power back? #PleaseDontSayThursday,2019-01-14 23:25:00
304,1084953547626688512,"Johnny Timmons with TW&L says a 46K volt circuit breaker at the SW Tupelo substation on Cliff Gookin blew, causing major outages. They will have to reroute power. Could be 6:15 before all is restored.",2019-01-14 23:20:57
305,236250861855203328,I will never be without coffee in a power outage again. Charging USB devices from twigs is perverse and I love it. http://www.youtube.com/watch?v=-PT8T87rwoU&feature=youtu.be …,2012-08-16 23:59:29
306,236249380125032448,"go go gadget dick, whip that shit out & ain't no doubt about it , it hit the ground & caused an earthquake & power outage. #SlimShady",2012-08-16 23:53:36
307,236249302677196800,RT @explicitlyrics_ Power outage base wide? Wtf,2012-08-16 23:53:17
308,236249299971895298,RT @senoritabrit Gotta love this power outage in this humid weather! #bellflower #edison,2012-08-16 23:53:17
309,236248961311186948,Had some @PortCityBrew Derecho @RusticoVa - Really like it. Hope they brew it again (without a massive power outage).,2012-08-16 23:51:56
310,236248748743856129,"The California Department of Motor Vehicles had a power outage that affected registration, titles, salvage... http://fb.me/1CmNIMDSd ",2012-08-16 23:51:05
311,236248660529274880,"(c) Plus it is thundering so maybe there will be a power outage. Once again, i am so sorry :(",2012-08-16 23:50:44
312,236248366869266432,"The CA #DMV system-wide power outage caused some issues.  Be alert for duplicate titles, registration, etc. What to do: http://apps.dmv.ca.gov/vehindustry/vin_memos/vin2012/12vin30.pdf …",2012-08-16 23:49:34
313,236248331620319232,@GraceJ_Anderson do lighters work in power outages?,2012-08-16 23:49:26
314,236248118948134912,Power outage base wide? Wtf,2012-08-16 23:48:35
315,236247235497713664,"Power outage Edwardstown, Glandore, Plympton, South Plympton http://bit.ly/2RLzv9  #southaustralia #blackout",2012-08-16 23:45:04
316,236246827857498113,10 of 10 Lessons from D.C. power outage: Mother Nature will humble humanity #prepper #shtf #zombiehttp://goo.gl/1Za6X ,2012-08-16 23:43:27
317,236246358489694208,"#HTNwx #INwx Here is the latest power outages from Duke:  Knox County 1,322 customers, Gibson 113 customers,... http://fb.me/1kh6G8sDu ",2012-08-16 23:41:35
318,236246278974078976,"Nice RT @devo_reed2 Power outage at work, easy 12 hours of overtime! #ImNotMad",2012-08-16 23:41:16
319,236246169163018242,"Unfortunately, we are closed for the rest of the day due to a power outage. Caviar 301 is cancelled, but we will... http://fb.me/1HpB7cOW0 ",2012-08-16 23:40:50
320,236246130671894528,"@Nick_Aleva im bringing the power outage Tuesday then.
#nolights",2012-08-16 23:40:41
321,236246129363255296,Is it just me or can anyone else visualize a power outage arrow of despair pointed straight at Indy here? http://bit.ly/NGOqD9  #inwx,2012-08-16 23:40:41
322,236246086719766528,"According to @DukeEnergyStorm, 7,756 power outages have been reported in Monroe County as of 7:30.",2012-08-16 23:40:30
323,236245904213024768,This power outage fucking sucks...,2012-08-16 23:39:47
324,236245269807783936,Update: There will be no game tonight. Power outage in three counties has left the gym without lights. #ZipsWBB #ForeignTour2012,2012-08-16 23:37:16
325,66652945625792512,Kids love a power outage.  The local park is like Lord of the Flies,2011-05-06 23:57:55
326,66651872152403969,Huge power outage in the south end of #Winnipeg and it is the #fringe finale tonight. Fuck!,2011-05-06 23:53:39
327,66651834856636417,"We have received reports about a power outage in some parts of the county, mainly in Kensington. A Santee Electric... http://fb.me/MMlKOdJd",2011-05-06 23:53:30
328,66651224925159424,Multiple listeners telling us about power outages in Lehi causing problems with intersections throughout the city. Plus the backups on SB 15,2011-05-06 23:51:05
329,66647905133539328,"Whaddup power outage. Yay, stormtimez #ontarioweatherstorm",2011-05-06 23:37:53
330,66645938466336768,Power outage right quick?,2011-05-06 23:30:04
331,66645879230185472,Nothing breaks up an evening of work better than a 20 min power outage and then a 20 min wait to talk to an idiot from tech support!,2011-05-06 23:29:50
332,66644687284486144,Power outage messin with my cook times :-( (@ Robs House) http://4sq.com/mFGTlx,2011-05-06 23:25:06
333,66643378598707201,"prefers long walks at night when you can see the stars. However, there will not be any power outage any time soon.",2011-05-06 23:19:54
334,66639993866690560,@mikehicks27 for once I had nothing do with the loud noise or power outage at your house. 1st time for everything I guess,2011-05-06 23:06:27
335,66639575350648832,Why do they report power outages on TV? http://cqhub.co/jw00,2011-05-06 23:04:47
336,66638639379128320,Does anyone with know whats up with McCann's power outage? Any FX folk out there? @harrypav -JG,2011-05-06 23:01:04
337,66638075224260609,Power outage corrupted our server.... currently in the process of setting up a new one. Should be up in an hour.,2011-05-06 22:58:49
338,66637695333580800,POWER OUTAGE. !!!!!!!!,2011-05-06 22:57:19
339,66636352040603648,The only thing that would make this friday night better is a power outage. #Sarcasm,2011-05-06 22:51:59
340,66635709225775104,Turns out the flash power outage in a.m. screwed up wireless box. Web book fine. Laptop fine. Me happy!,2011-05-06 22:49:25
341,66635090108743680,Beta charge them phones jus in case a power outage occurs,2011-05-06 22:46:58
342,66634204947021824,Freaking power outage leaves me in pitch black basement while playing a HORROR GAME! >:I,2011-05-06 22:43:27
343,66634036671557632,Outage on Lopez Island has been resolved. All power restored.,2011-05-06 22:42:47
344,66632099343503361,"Photo: Power outage at my office. Wonder how long it’ll last! In the meantime, I’ll enjoy some of the... http://tumblr.com/xqv2ewbn7n",2011-05-06 22:35:05
345,999802149780500481,please no power outages https://twitter.com/cotnews/status/999641931574599681 …,2018-05-24 23:59:42
346,999802147100295168,"I once bricked an €850,- pc because of a power outage during the update

There's no way to boot Windows ever again when that happens",2018-05-24 23:59:41
347,999801820259078145,#SolarPower: Tesla solar and Powerwall keep the lights on during Puerto Rico power outage ... https://goo.gl/8gck2w ,2018-05-24 23:58:24
348,999801727305093120,Power outages while recording episodes.  Never a dull moment!,2018-05-24 23:58:01
349,999801385779523585,Are you currently facing power outage ?,2018-05-24 23:56:40
350,999800552296009729,@KElectricPk now this is getting worst and your services are getting more pathetic as a day passes. Why am I facing power outage despite paying you regularly?  Why am I being penalized along with who steal it?  Hope that #CJP #SaqibNisar may take strict action.,2018-05-24 23:53:21
351,999798115237597184,"A sudden power outage has left our MC @vidstorecowboy out of commission tonight - I'll be live with something else tonight, but no #SixAndTwenty unfortunately.https://twitter.com/NotSoSpeedRuns/status/999770407258460161 …",2018-05-24 23:43:40
352,999797849532653570,"http://www.wivb.com/news/national/power-outage-triggers-zombie-alert-in-lake-worth-fla/1195198744 …

""Power outage and zombie alert for the residents of Lake Worth and Terminus. There are now far less than 7-thousand 3-hundred 80 customers involved due to extreme zombie activity. Restoration time uncertain.”",2018-05-24 23:42:37
353,999797748101611520,Power outage forces closures and changes within Winnebago County courts http://dlvr.it/QV13d3 pic.twitter.com/vK8pE7Rfoi,2018-05-24 23:42:13
354,999797553360244743,Tesla solar and Powerwall keep the lights on during Puerto Rico power outage https://electrek.co/2018/05/24/tesla-solar-roof-powerwall-keep-the-lights-on-puerto-rico-power-outage/ … via @FredericLambert,2018-05-24 23:41:26
355,999797031437647873,was struggling to open my garage but then i realized there's still a power outage..,2018-05-24 23:39:22
356,999797017135075328,Our MC for @SixNTwenty tonight has had a power outage so we will be rescheduling our session for early next week! I think we'll do a Conan Exiles stream in a bit instead. ,2018-05-24 23:39:18
357,999796964366565376,Tesla solar and Powerwall keep the lights on during Puerto Rico power outage http://dlvr.it/QV12vw pic.twitter.com/L0UBUSM6Nk,2018-05-24 23:39:06
358,999796804165103616,"Perth has rain, storms, power outages and wind damage and 400km away we have raging bushfires. So weird.",2018-05-24 23:38:28
359,999795755819745280,Tesla solar and Powerwall keep the lights on during Puerto Rico power outage http://bit.ly/2Lne7wl pic.twitter.com/o0qN2tYLdQ,2018-05-24 23:34:18
360,999795286959505408,Are you currently facing power outage ?,2018-05-24 23:32:26
361,999794934168383493,@KElectricPk power outage  0400010260677,2018-05-24 23:31:02
362,999794878786785282,Double Burner rocket stove for when your kitchen stove stops working (power outage). https://www.youtube.com/watch?v=QSKj3xYe3T8 …pic.twitter.com/uW5fjFxqgv,2018-05-24 23:30:49
363,999794615803924480,"The more the money claimed to be invested in power generation, the more the power outages we get in Nigeria.",2018-05-24 23:29:46
364,999794554684497921,@TsspdclCorporat power outage ar Sriram Nagar Colony. A Block. When will it be restored.,2018-05-24 23:29:31
365,830204473217675264,#power outage areas in #ColumbiaFalls due to sudden #Snow squall/Gusty Winds  (approx 4:45pm MST) #Montana #MTwxpic.twitter.com/lWI9t6ELWd,2017-02-10 23:59:05
366,830203868860477440,"Power outage in Nampa! Traffic will go even faster now, yay! ",2017-02-10 23:56:41
367,830196616330047488,South Australia power outages have huge political cost to state labor. https://twitter.com/cuhlmann/status/829458682937106432 …,2017-02-10 23:27:52
368,830195944465559552,Crews working an outage in Spring Valley & Tranquil Acres N. of Divide impacting 600+ customers. Should have power restored early evening.,2017-02-10 23:25:12
369,830195405019291648,"Our phone lines are down. If you need to report a power outage, please call 855.222.3275.",2017-02-10 23:23:03
370,830194991779639297,The @TownofEstesPark did a great job today handling power outages and high wind issues. Thank you all for your hard work.,2017-02-10 23:21:24
371,830194815589421056,@enoughsnark and our government are heading around lumps of coal in parliament & blaming power outages caused by rentseekers on wind,2017-02-10 23:20:42
372,830194540787044352,Power outage affecting 2500 people in Rainier Valley. Cause unknown and repair estimate pending. Joyful.,2017-02-10 23:19:37
373,830194007384924162,@CollegeBoard why is so hard to get a date for scores for a makeup exam due to a power outage? Cust Serv is no help.,2017-02-10 23:17:30
374,830192932321845248,"Outage update: Power restored to all but 10 customers. Crews are working with AFD on the issue, in order to get everyone back on.",2017-02-10 23:13:13
375,830192768144207872,"South Seattle Power Outage: 2,500 Without Electricity http://dlvr.it/NLWVqm pic.twitter.com/4K0OIYdtBf",2017-02-10 23:12:34
376,830192174230704128,Kingsbury Chiropractic and all of lower Kingsbury has a power outage.  We will be closed until power comes back on.,2017-02-10 23:10:13
377,830191663565901829,"The largest outage that Light and Power crews are still responding to is North Fork, along with multiple single... http://fb.me/8pqIlubdf ",2017-02-10 23:08:11
378,830191190557483008,We had a short power outage but we up and running now 6-9 come on by,2017-02-10 23:06:18
379,830191140603314176,Amazing work from all of the Town's Light and Power crews today. Still working on outages and will continue through the night and tomorrow!,2017-02-10 23:06:06
380,830190972386447360,power outage !! Did they actually do it ??,2017-02-10 23:05:26
381,830190581682933761,@CityPowerJhb power out in Glenhazel. Is this a planned outage? Any idea when it will be back on?,2017-02-10 23:03:53
382,830190320742604800,"Power outage entertainment.
 #jnj #donateaphoto http://bit.ly/2kBLsYN pic.twitter.com/BTHJwpUGWn",2017-02-10 23:02:51
383,830189865308393474,"Ukraine power outages ‘the work of cyberattackers’, warn experts http://crwd.fr/2j7nHoz pic.twitter.com/Te2jb6Pf2n",2017-02-10 23:01:02
384,830189834345984001,Outage update -- @manitobahydro has restored power in Elmwood #traffic #Winnipeg #cbcmb,2017-02-10 23:00:55
